--------------------------------------------------------
--  File created - piątek-lutego-06-2026   
--------------------------------------------------------
--------------------------------------------------------
--  DDL for Sequence SEQ_GRUPA
--------------------------------------------------------

   CREATE SEQUENCE  "IE130244"."SEQ_GRUPA"  MINVALUE 1 MAXVALUE 9999999999999999999999999999 INCREMENT BY 1 START WITH 21 CACHE 20 NOORDER  NOCYCLE   ;
--------------------------------------------------------
--  DDL for Sequence SEQ_KIERUNEK
--------------------------------------------------------

   CREATE SEQUENCE  "IE130244"."SEQ_KIERUNEK"  MINVALUE 1 MAXVALUE 9999999999999999999999999999 INCREMENT BY 1 START WITH 21 CACHE 20 NOORDER  NOCYCLE   ;
--------------------------------------------------------
--  DDL for Sequence SEQ_OCENA
--------------------------------------------------------

   CREATE SEQUENCE  "IE130244"."SEQ_OCENA"  MINVALUE 1 MAXVALUE 9999999999999999999999999999 INCREMENT BY 1 START WITH 21 CACHE 20 NOORDER  NOCYCLE   ;
--------------------------------------------------------
--  DDL for Sequence SEQ_PRACOWNIK
--------------------------------------------------------

   CREATE SEQUENCE  "IE130244"."SEQ_PRACOWNIK"  MINVALUE 1 MAXVALUE 9999999999999999999999999999 INCREMENT BY 1 START WITH 21 CACHE 20 NOORDER  NOCYCLE   ;
--------------------------------------------------------
--  DDL for Sequence SEQ_PRZEDMIOT
--------------------------------------------------------

   CREATE SEQUENCE  "IE130244"."SEQ_PRZEDMIOT"  MINVALUE 1 MAXVALUE 9999999999999999999999999999 INCREMENT BY 1 START WITH 21 CACHE 20 NOORDER  NOCYCLE   ;
--------------------------------------------------------
--  DDL for Sequence SEQ_SALA
--------------------------------------------------------

   CREATE SEQUENCE  "IE130244"."SEQ_SALA"  MINVALUE 1 MAXVALUE 9999999999999999999999999999 INCREMENT BY 1 START WITH 21 CACHE 20 NOORDER  NOCYCLE   ;
--------------------------------------------------------
--  DDL for Sequence SEQ_STUDENT
--------------------------------------------------------

   CREATE SEQUENCE  "IE130244"."SEQ_STUDENT"  MINVALUE 1 MAXVALUE 9999999999999999999999999999 INCREMENT BY 1 START WITH 21 CACHE 20 NOORDER  NOCYCLE   ;
--------------------------------------------------------
--  DDL for Sequence SEQ_WYDZIAL
--------------------------------------------------------

   CREATE SEQUENCE  "IE130244"."SEQ_WYDZIAL"  MINVALUE 1 MAXVALUE 9999999999999999999999999999 INCREMENT BY 1 START WITH 21 CACHE 20 NOORDER  NOCYCLE   ;
--------------------------------------------------------
--  DDL for Sequence SEQ_ZAJECIA
--------------------------------------------------------

   CREATE SEQUENCE  "IE130244"."SEQ_ZAJECIA"  MINVALUE 1 MAXVALUE 9999999999999999999999999999 INCREMENT BY 1 START WITH 21 CACHE 20 NOORDER  NOCYCLE   ;
--------------------------------------------------------
--  DDL for Sequence SEQ_SPRZET
--------------------------------------------------------
   
   CREATE SEQUENCE  "IE130244"."SEQ_SPRZET"  MINVALUE 1 MAXVALUE 9999999999999999999999999999 INCREMENT BY 1 START WITH 21 CACHE 20 NOORDER  NOCYCLE   ; 
--------------------------------------------------------
--  DDL for Table GRUPA
--------------------------------------------------------

  CREATE TABLE "IE130244"."GRUPA" 
   (	"GRUPA_ID" NUMBER, 
	"NAZWA" VARCHAR2(50 BYTE), 
	"KIERUNEK_ID" NUMBER
   ) SEGMENT CREATION IMMEDIATE 
  PCTFREE 10 PCTUSED 40 INITRANS 1 MAXTRANS 255 
 NOCOMPRESS LOGGING
  STORAGE(INITIAL 65536 NEXT 1048576 MINEXTENTS 1 MAXEXTENTS 2147483645
  PCTINCREASE 0 FREELISTS 1 FREELIST GROUPS 1
  BUFFER_POOL DEFAULT FLASH_CACHE DEFAULT CELL_FLASH_CACHE DEFAULT)
  TABLESPACE "USERS" ;
--------------------------------------------------------
--  DDL for Table KIERUNEK
--------------------------------------------------------

  CREATE TABLE "IE130244"."KIERUNEK" 
   (	"KIERUNEK_ID" NUMBER, 
	"NAZWA" VARCHAR2(100 BYTE), 
	"WYDZIAL_ID" NUMBER
   ) SEGMENT CREATION IMMEDIATE 
  PCTFREE 10 PCTUSED 40 INITRANS 1 MAXTRANS 255 
 NOCOMPRESS LOGGING
  STORAGE(INITIAL 65536 NEXT 1048576 MINEXTENTS 1 MAXEXTENTS 2147483645
  PCTINCREASE 0 FREELISTS 1 FREELIST GROUPS 1
  BUFFER_POOL DEFAULT FLASH_CACHE DEFAULT CELL_FLASH_CACHE DEFAULT)
  TABLESPACE "USERS" ;
--------------------------------------------------------
--  DDL for Table OCENA
--------------------------------------------------------

  CREATE TABLE "IE130244"."OCENA" 
   (	"OCENA_ID" NUMBER, 
	"STUDENT_ID" NUMBER, 
	"ZAJECIA_ID" NUMBER, 
	"WARTOSC" NUMBER(3,1), 
	"DATA_OCENY" DATE
   ) SEGMENT CREATION IMMEDIATE 
  PCTFREE 10 PCTUSED 40 INITRANS 1 MAXTRANS 255 
 NOCOMPRESS LOGGING
  STORAGE(INITIAL 65536 NEXT 1048576 MINEXTENTS 1 MAXEXTENTS 2147483645
  PCTINCREASE 0 FREELISTS 1 FREELIST GROUPS 1
  BUFFER_POOL DEFAULT FLASH_CACHE DEFAULT CELL_FLASH_CACHE DEFAULT)
  TABLESPACE "USERS" ;
--------------------------------------------------------
--  DDL for Table PRACOWNIK
--------------------------------------------------------

  CREATE TABLE "IE130244"."PRACOWNIK" 
   (	"PRACOWNIK_ID" NUMBER, 
	"IMIE" VARCHAR2(50 BYTE), 
	"NAZWISKO" VARCHAR2(50 BYTE), 
	"STANOWISKO" VARCHAR2(50 BYTE), 
	"EMAIL" VARCHAR2(100 BYTE), 
	"WYDZIAL_ID" NUMBER
   ) SEGMENT CREATION IMMEDIATE 
  PCTFREE 10 PCTUSED 40 INITRANS 1 MAXTRANS 255 
 NOCOMPRESS LOGGING
  STORAGE(INITIAL 65536 NEXT 1048576 MINEXTENTS 1 MAXEXTENTS 2147483645
  PCTINCREASE 0 FREELISTS 1 FREELIST GROUPS 1
  BUFFER_POOL DEFAULT FLASH_CACHE DEFAULT CELL_FLASH_CACHE DEFAULT)
  TABLESPACE "USERS" ;
--------------------------------------------------------
--  DDL for Table PRZEDMIOT
--------------------------------------------------------

  CREATE TABLE "IE130244"."PRZEDMIOT" 
   (	"PRZEDMIOT_ID" NUMBER, 
	"NAZWA" VARCHAR2(100 BYTE), 
	"ECTS" NUMBER, 
	"KIERUNEK_ID" NUMBER
   ) SEGMENT CREATION IMMEDIATE 
  PCTFREE 10 PCTUSED 40 INITRANS 1 MAXTRANS 255 
 NOCOMPRESS LOGGING
  STORAGE(INITIAL 65536 NEXT 1048576 MINEXTENTS 1 MAXEXTENTS 2147483645
  PCTINCREASE 0 FREELISTS 1 FREELIST GROUPS 1
  BUFFER_POOL DEFAULT FLASH_CACHE DEFAULT CELL_FLASH_CACHE DEFAULT)
  TABLESPACE "USERS" ;
--------------------------------------------------------
--  DDL for Table SALA
--------------------------------------------------------

  CREATE TABLE "IE130244"."SALA" 
   (	"SALA_ID" NUMBER, 
	"NUMER" VARCHAR2(20 BYTE), 
	"BUDYNEK" VARCHAR2(50 BYTE)
   ) SEGMENT CREATION IMMEDIATE 
  PCTFREE 10 PCTUSED 40 INITRANS 1 MAXTRANS 255 
 NOCOMPRESS LOGGING
  STORAGE(INITIAL 65536 NEXT 1048576 MINEXTENTS 1 MAXEXTENTS 2147483645
  PCTINCREASE 0 FREELISTS 1 FREELIST GROUPS 1
  BUFFER_POOL DEFAULT FLASH_CACHE DEFAULT CELL_FLASH_CACHE DEFAULT)
  TABLESPACE "USERS" ;
--------------------------------------------------------
--  DDL for Table STUDENT
--------------------------------------------------------

  CREATE TABLE "IE130244"."STUDENT" 
   (	"STUDENT_ID" NUMBER, 
	"IMIE" VARCHAR2(50 BYTE), 
	"NAZWISKO" VARCHAR2(50 BYTE), 
	"DATA_URODZENIA" DATE, 
	"EMAIL" VARCHAR2(100 BYTE), 
	"GRUPA_ID" NUMBER
   ) SEGMENT CREATION IMMEDIATE 
  PCTFREE 10 PCTUSED 40 INITRANS 1 MAXTRANS 255 
 NOCOMPRESS LOGGING
  STORAGE(INITIAL 65536 NEXT 1048576 MINEXTENTS 1 MAXEXTENTS 2147483645
  PCTINCREASE 0 FREELISTS 1 FREELIST GROUPS 1
  BUFFER_POOL DEFAULT FLASH_CACHE DEFAULT CELL_FLASH_CACHE DEFAULT)
  TABLESPACE "USERS" ;
--------------------------------------------------------
--  DDL for Table STUDENT_ZAJECIA
--------------------------------------------------------

  CREATE TABLE "IE130244"."STUDENT_ZAJECIA" 
   (	"STUDENT_ID" NUMBER, 
	"ZAJECIA_ID" NUMBER, 
	"STATUS" VARCHAR2(20 BYTE)
   ) SEGMENT CREATION IMMEDIATE 
  PCTFREE 10 PCTUSED 40 INITRANS 1 MAXTRANS 255 
 NOCOMPRESS LOGGING
  STORAGE(INITIAL 65536 NEXT 1048576 MINEXTENTS 1 MAXEXTENTS 2147483645
  PCTINCREASE 0 FREELISTS 1 FREELIST GROUPS 1
  BUFFER_POOL DEFAULT FLASH_CACHE DEFAULT CELL_FLASH_CACHE DEFAULT)
  TABLESPACE "USERS" ;
--------------------------------------------------------
--  DDL for Table WYDZIAL
--------------------------------------------------------

  CREATE TABLE "IE130244"."WYDZIAL" 
   (	"WYDZIAL_ID" NUMBER, 
	"NAZWA" VARCHAR2(100 BYTE), 
	"SKROT" VARCHAR2(3 BYTE)
   ) SEGMENT CREATION IMMEDIATE 
  PCTFREE 10 PCTUSED 40 INITRANS 1 MAXTRANS 255 
 NOCOMPRESS LOGGING
  STORAGE(INITIAL 65536 NEXT 1048576 MINEXTENTS 1 MAXEXTENTS 2147483645
  PCTINCREASE 0 FREELISTS 1 FREELIST GROUPS 1
  BUFFER_POOL DEFAULT FLASH_CACHE DEFAULT CELL_FLASH_CACHE DEFAULT)
  TABLESPACE "USERS" ;
--------------------------------------------------------
--  DDL for Table ZAJECIA
--------------------------------------------------------

  CREATE TABLE "IE130244"."ZAJECIA" 
   (	"ZAJECIA_ID" NUMBER, 
	"PRZEDMIOT_ID" NUMBER, 
	"PROWADZACY_ID" NUMBER, 
	"SALA_ID" NUMBER, 
	"SEMESTR" VARCHAR2(10 BYTE)
   ) SEGMENT CREATION IMMEDIATE 
  PCTFREE 10 PCTUSED 40 INITRANS 1 MAXTRANS 255 
 NOCOMPRESS LOGGING
  STORAGE(INITIAL 65536 NEXT 1048576 MINEXTENTS 1 MAXEXTENTS 2147483645
  PCTINCREASE 0 FREELISTS 1 FREELIST GROUPS 1
  BUFFER_POOL DEFAULT FLASH_CACHE DEFAULT CELL_FLASH_CACHE DEFAULT)
  TABLESPACE "USERS" ;
--------------------------------------------------------
--  DDL for Table SPRZET
--------------------------------------------------------

  CREATE TABLE "IE130244"."SPRZET" 
   ( "SPRZET_ID" NUMBER PRIMARY KEY, 
     "NAZWA" VARCHAR2(100 BYTE) NOT NULL, 
     "TYP" VARCHAR2(50 BYTE), 
     "DATA_ZAKUPU" DATE
   ) SEGMENT CREATION IMMEDIATE 
  PCTFREE 10 PCTUSED 40 INITRANS 1 MAXTRANS 255 
 NOCOMPRESS LOGGING
  STORAGE(INITIAL 65536 NEXT 1048576 MINEXTENTS 1 MAXEXTENTS 2147483645
  PCTINCREASE 0 FREELISTS 1 FREELIST GROUPS 1
  BUFFER_POOL DEFAULT FLASH_CACHE DEFAULT CELL_FLASH_CACHE DEFAULT)
  TABLESPACE "USERS" ;
--------------------------------------------------------
--  DDL for View VW_SALA_PRZEDMIOT_LICZBA_ZAJEC
--------------------------------------------------------

  CREATE OR REPLACE FORCE EDITIONABLE VIEW "IE130244"."VW_SALA_PRZEDMIOT_LICZBA_ZAJEC" ("NUMER", "BUDYNEK", "PRZEDMIOT", "LICZBA_ZAJEC") AS 
  SELECT sa.numer, sa.budynek, p.nazwa AS przedmiot, 
       (SELECT COUNT(*) FROM Zajecia z2 WHERE z2.sala_id = sa.sala_id) AS liczba_zajec
FROM Sala sa
JOIN Zajecia z ON sa.sala_id = z.sala_id
JOIN Przedmiot p ON z.przedmiot_id = p.przedmiot_id
WHERE LOWER(p.nazwa) LIKE '%b%'
;
--------------------------------------------------------
--  DDL for View VW_SREDNIA_OCEN_STUDENTOW
--------------------------------------------------------

  CREATE OR REPLACE FORCE EDITIONABLE VIEW "IE130244"."VW_SREDNIA_OCEN_STUDENTOW" ("IMIE", "NAZWISKO", "SREDNIA_OCEN") AS 
  SELECT s.imie, s.nazwisko, NVL(ROUND(AVG(o.wartosc),2), 0) AS srednia_ocen
FROM Student s
LEFT JOIN Ocena o ON s.student_id = o.student_id
GROUP BY s.imie, s.nazwisko
;
--------------------------------------------------------
--  DDL for View VW_STUDENCI_GRUPY
--------------------------------------------------------

  CREATE OR REPLACE FORCE EDITIONABLE VIEW "IE130244"."VW_STUDENCI_GRUPY" ("IMIE", "NAZWISKO", "GRUPA", "KIERUNEK", "WYDZIAL") AS 
  SELECT s.imie, s.nazwisko, g.nazwa AS grupa, k.nazwa AS kierunek, w.nazwa AS wydzial
FROM Student s
JOIN Grupa g ON s.grupa_id = g.grupa_id
JOIN Kierunek k ON g.kierunek_id = k.kierunek_id
JOIN Wydzial w ON k.wydzial_id = w.wydzial_id
;
--------------------------------------------------------
--  DDL for View VW_STUDENCI_PONAD_SREDNIA
--------------------------------------------------------

  CREATE OR REPLACE FORCE EDITIONABLE VIEW "IE130244"."VW_STUDENCI_PONAD_SREDNIA" ("IMIE", "NAZWISKO", "PRZEDMIOT", "WARTOSC") AS 
  SELECT s.imie, s.nazwisko, p.nazwa AS przedmiot, o.wartosc
FROM Student s
JOIN Ocena o ON s.student_id = o.student_id
JOIN Zajecia z ON o.zajecia_id = z.zajecia_id
JOIN Przedmiot p ON z.przedmiot_id = p.przedmiot_id
WHERE o.wartosc > (SELECT AVG(wartosc) FROM Ocena)
;
--------------------------------------------------------
--  DDL for View VW_SUMA_ECTS_STUDENTOW
--------------------------------------------------------

  CREATE OR REPLACE FORCE EDITIONABLE VIEW "IE130244"."VW_SUMA_ECTS_STUDENTOW" ("IMIE", "NAZWISKO", "GRUPA", "SUMA_ECTS") AS 
  SELECT
  s.imie,
  s.nazwisko,
  g.nazwa AS grupa,
  SUM(p.ects) AS suma_ects
FROM
  Student s
  JOIN Grupa g ON s.grupa_id = g.grupa_id
  JOIN Student_Zajecia sz ON s.student_id = sz.student_id
  JOIN Zajecia z ON sz.zajecia_id = z.zajecia_id
  JOIN Przedmiot p ON z.przedmiot_id = p.przedmiot_id
  JOIN Ocena o ON s.student_id = o.student_id AND z.zajecia_id = o.zajecia_id
WHERE
  o.wartosc >= 3.0
GROUP BY
  s.imie, s.nazwisko, g.nazwa
;
--------------------------------------------------------
--  DDL for View VW_ZAJECIA_LICZBA_STUDENTOW
--------------------------------------------------------

  CREATE OR REPLACE FORCE EDITIONABLE VIEW "IE130244"."VW_ZAJECIA_LICZBA_STUDENTOW" ("ZAJECIA_ID", "PRZEDMIOT", "PROWADZACY", "LICZBA_STUDENTOW") AS 
  SELECT z.zajecia_id, p.nazwa AS przedmiot, pr.imie || ' ' || pr.nazwisko AS prowadzacy, COUNT(sz.student_id) AS liczba_studentow
FROM Zajecia z
JOIN Przedmiot p ON z.przedmiot_id = p.przedmiot_id
JOIN Pracownik pr ON z.prowadzacy_id = pr.pracownik_id
LEFT JOIN Student_Zajecia sz ON z.zajecia_id = sz.zajecia_id
GROUP BY z.zajecia_id, p.nazwa, pr.imie, pr.nazwisko
;


--------------------------------------------------------
--  DDL for View VW_STUDENCI_NIEZALICZONE
--------------------------------------------------------

CREATE OR REPLACE VIEW vw_studenci_niezaliczone AS
SELECT
  s.imie,
  s.nazwisko,
  COUNT(DISTINCT z.zajecia_id) AS liczba_niezaliczonych
FROM
  Student s
  JOIN Ocena o ON s.student_id = o.student_id
  JOIN Zajecia z ON o.zajecia_id = z.zajecia_id
WHERE
  o.wartosc < 3.0
GROUP BY
  s.imie, s.nazwisko
HAVING
  COUNT(DISTINCT z.zajecia_id) > 0;
  
  
--------------------------------------------------------
--  DDL for View VW_SPRZET_OSTATNIE_2_LATA
--------------------------------------------------------
CREATE OR REPLACE VIEW vw_sprzet_ostatnie_2_lata AS
SELECT
  UPPER(typ) AS typ_sprzetu,
  COUNT(*) AS liczba_sztuk,
  TO_CHAR(data_zakupu, 'YYYY') AS rok_zakupu
FROM
  Sprzet
WHERE
  data_zakupu >= ADD_MONTHS(SYSDATE, -24)
GROUP BY
  UPPER(typ), TO_CHAR(data_zakupu, 'YYYY');

  
  
REM INSERTING into IE130244.GRUPA
SET DEFINE OFF;
Insert into IE130244.GRUPA (GRUPA_ID,NAZWA,KIERUNEK_ID) values ('1','IS1','1');
Insert into IE130244.GRUPA (GRUPA_ID,NAZWA,KIERUNEK_ID) values ('2','MA1','2');
Insert into IE130244.GRUPA (GRUPA_ID,NAZWA,KIERUNEK_ID) values ('3','FT1','3');
Insert into IE130244.GRUPA (GRUPA_ID,NAZWA,KIERUNEK_ID) values ('4','CO1','4');
Insert into IE130244.GRUPA (GRUPA_ID,NAZWA,KIERUNEK_ID) values ('5','BT1','5');
REM INSERTING into IE130244.KIERUNEK
SET DEFINE OFF;
Insert into IE130244.KIERUNEK (KIERUNEK_ID,NAZWA,WYDZIAL_ID) values ('1','Informatyka Stosowana','1');
Insert into IE130244.KIERUNEK (KIERUNEK_ID,NAZWA,WYDZIAL_ID) values ('2','Matematyka Analityczna','2');
Insert into IE130244.KIERUNEK (KIERUNEK_ID,NAZWA,WYDZIAL_ID) values ('3','Fizyka Teoretyczna','3');
Insert into IE130244.KIERUNEK (KIERUNEK_ID,NAZWA,WYDZIAL_ID) values ('4','Chemia Organiczna','4');
Insert into IE130244.KIERUNEK (KIERUNEK_ID,NAZWA,WYDZIAL_ID) values ('5','Biotechnologia','5');
REM INSERTING into IE130244.OCENA
SET DEFINE OFF;
Insert into IE130244.OCENA (OCENA_ID,STUDENT_ID,ZAJECIA_ID,WARTOSC,DATA_OCENY) values ('1','1','1','4,5',to_date('26/01/10','RR/MM/DD'));
Insert into IE130244.OCENA (OCENA_ID,STUDENT_ID,ZAJECIA_ID,WARTOSC,DATA_OCENY) values ('2','1','2','4',to_date('26/01/11','RR/MM/DD'));
Insert into IE130244.OCENA (OCENA_ID,STUDENT_ID,ZAJECIA_ID,WARTOSC,DATA_OCENY) values ('3','2','2','5',to_date('26/01/12','RR/MM/DD'));
Insert into IE130244.OCENA (OCENA_ID,STUDENT_ID,ZAJECIA_ID,WARTOSC,DATA_OCENY) values ('4','2','3','4,5',to_date('26/01/13','RR/MM/DD'));
Insert into IE130244.OCENA (OCENA_ID,STUDENT_ID,ZAJECIA_ID,WARTOSC,DATA_OCENY) values ('5','3','3','3,5',to_date('26/01/14','RR/MM/DD'));
Insert into IE130244.OCENA (OCENA_ID,STUDENT_ID,ZAJECIA_ID,WARTOSC,DATA_OCENY) values ('6','3','4','4',to_date('26/01/15','RR/MM/DD'));
Insert into IE130244.OCENA (OCENA_ID,STUDENT_ID,ZAJECIA_ID,WARTOSC,DATA_OCENY) values ('7','4','4','4,5',to_date('26/01/16','RR/MM/DD'));
Insert into IE130244.OCENA (OCENA_ID,STUDENT_ID,ZAJECIA_ID,WARTOSC,DATA_OCENY) values ('8','4','5','5',to_date('26/01/17','RR/MM/DD'));
Insert into IE130244.OCENA (OCENA_ID,STUDENT_ID,ZAJECIA_ID,WARTOSC,DATA_OCENY) values ('9','5','5','3',to_date('26/01/18','RR/MM/DD'));
Insert into IE130244.OCENA (OCENA_ID,STUDENT_ID,ZAJECIA_ID,WARTOSC,DATA_OCENY) values ('10','5','1','4',to_date('26/01/19','RR/MM/DD'));
REM INSERTING into IE130244.PRACOWNIK
SET DEFINE OFF;
Insert into IE130244.PRACOWNIK (PRACOWNIK_ID,IMIE,NAZWISKO,STANOWISKO,EMAIL,WYDZIAL_ID) values ('1','Adam','Nowicki','Profesor','adam.nowicki@uczelnia.pl','1');
Insert into IE130244.PRACOWNIK (PRACOWNIK_ID,IMIE,NAZWISKO,STANOWISKO,EMAIL,WYDZIAL_ID) values ('2','Ewa','Krawczyk','Adiunkt','ewa.krawczyk@uczelnia.pl','2');
Insert into IE130244.PRACOWNIK (PRACOWNIK_ID,IMIE,NAZWISKO,STANOWISKO,EMAIL,WYDZIAL_ID) values ('3','Marek','Szymański','Doktor','marek.szymanski@uczelnia.pl','3');
Insert into IE130244.PRACOWNIK (PRACOWNIK_ID,IMIE,NAZWISKO,STANOWISKO,EMAIL,WYDZIAL_ID) values ('4','Katarzyna','Wójcik','Profesor','katarzyna.wojcik@uczelnia.pl','4');
Insert into IE130244.PRACOWNIK (PRACOWNIK_ID,IMIE,NAZWISKO,STANOWISKO,EMAIL,WYDZIAL_ID) values ('5','Paweł','Dąbrowski','Adiunkt','pawel.dabrowski@uczelnia.pl','5');
REM INSERTING into IE130244.PRZEDMIOT
SET DEFINE OFF;
Insert into IE130244.PRZEDMIOT (PRZEDMIOT_ID,NAZWA,ECTS,KIERUNEK_ID) values ('1','Bazy Danych','5','1');
Insert into IE130244.PRZEDMIOT (PRZEDMIOT_ID,NAZWA,ECTS,KIERUNEK_ID) values ('2','Analiza Matematyczna','6','2');
Insert into IE130244.PRZEDMIOT (PRZEDMIOT_ID,NAZWA,ECTS,KIERUNEK_ID) values ('3','Fizyka Kwantowa','5','3');
Insert into IE130244.PRZEDMIOT (PRZEDMIOT_ID,NAZWA,ECTS,KIERUNEK_ID) values ('4','Chemia Organiczna','4','4');
Insert into IE130244.PRZEDMIOT (PRZEDMIOT_ID,NAZWA,ECTS,KIERUNEK_ID) values ('5','Genetyka','5','5');
REM INSERTING into IE130244.SALA
SET DEFINE OFF;
Insert into IE130244.SALA (SALA_ID,NUMER,BUDYNEK) values ('1','101','A');
Insert into IE130244.SALA (SALA_ID,NUMER,BUDYNEK) values ('2','202','B');
Insert into IE130244.SALA (SALA_ID,NUMER,BUDYNEK) values ('3','303','C');
Insert into IE130244.SALA (SALA_ID,NUMER,BUDYNEK) values ('4','404','D');
Insert into IE130244.SALA (SALA_ID,NUMER,BUDYNEK) values ('5','505','E');
REM INSERTING into IE130244.STUDENT
SET DEFINE OFF;
Insert into IE130244.STUDENT (STUDENT_ID,IMIE,NAZWISKO,DATA_URODZENIA,EMAIL,GRUPA_ID) values ('1','Jan','Kowalski',to_date('00/01/15','RR/MM/DD'),'jan.kowalski@uczelnia.pl','1');
Insert into IE130244.STUDENT (STUDENT_ID,IMIE,NAZWISKO,DATA_URODZENIA,EMAIL,GRUPA_ID) values ('2','Anna','Nowak',to_date('01/03/22','RR/MM/DD'),'anna.nowak@uczelnia.pl','1');
Insert into IE130244.STUDENT (STUDENT_ID,IMIE,NAZWISKO,DATA_URODZENIA,EMAIL,GRUPA_ID) values ('3','Piotr','Zieliński',to_date('00/07/10','RR/MM/DD'),'piotr.zielinski@uczelnia.pl','2');
Insert into IE130244.STUDENT (STUDENT_ID,IMIE,NAZWISKO,DATA_URODZENIA,EMAIL,GRUPA_ID) values ('4','Maria','Wiśniewska',to_date('02/05/18','RR/MM/DD'),'maria.wisniewska@uczelnia.pl','3');
Insert into IE130244.STUDENT (STUDENT_ID,IMIE,NAZWISKO,DATA_URODZENIA,EMAIL,GRUPA_ID) values ('5','Tomasz','Lewandowski',to_date('01/11/30','RR/MM/DD'),'tomasz.lewandowski@uczelnia.pl','4');
REM INSERTING into IE130244.STUDENT_ZAJECIA
SET DEFINE OFF;
Insert into IE130244.STUDENT_ZAJECIA (STUDENT_ID,ZAJECIA_ID,STATUS) values ('1','1',null);
Insert into IE130244.STUDENT_ZAJECIA (STUDENT_ID,ZAJECIA_ID,STATUS) values ('1','2',null);
Insert into IE130244.STUDENT_ZAJECIA (STUDENT_ID,ZAJECIA_ID,STATUS) values ('2','2',null);
Insert into IE130244.STUDENT_ZAJECIA (STUDENT_ID,ZAJECIA_ID,STATUS) values ('2','3',null);
Insert into IE130244.STUDENT_ZAJECIA (STUDENT_ID,ZAJECIA_ID,STATUS) values ('3','3',null);
Insert into IE130244.STUDENT_ZAJECIA (STUDENT_ID,ZAJECIA_ID,STATUS) values ('3','4',null);
Insert into IE130244.STUDENT_ZAJECIA (STUDENT_ID,ZAJECIA_ID,STATUS) values ('4','4',null);
Insert into IE130244.STUDENT_ZAJECIA (STUDENT_ID,ZAJECIA_ID,STATUS) values ('4','5',null);
Insert into IE130244.STUDENT_ZAJECIA (STUDENT_ID,ZAJECIA_ID,STATUS) values ('5','5',null);
Insert into IE130244.STUDENT_ZAJECIA (STUDENT_ID,ZAJECIA_ID,STATUS) values ('5','1',null);
REM INSERTING into IE130244.WYDZIAL
SET DEFINE OFF;
Insert into IE130244.WYDZIAL (WYDZIAL_ID,NAZWA,SKROT) values ('1','Informatyka',null);
Insert into IE130244.WYDZIAL (WYDZIAL_ID,NAZWA,SKROT) values ('2','Matematyka',null);
Insert into IE130244.WYDZIAL (WYDZIAL_ID,NAZWA,SKROT) values ('3','Fizyka',null);
Insert into IE130244.WYDZIAL (WYDZIAL_ID,NAZWA,SKROT) values ('4','Chemia',null);
Insert into IE130244.WYDZIAL (WYDZIAL_ID,NAZWA,SKROT) values ('5','Biologia',null);
REM INSERTING into IE130244.ZAJECIA
SET DEFINE OFF;
Insert into IE130244.ZAJECIA (ZAJECIA_ID,PRZEDMIOT_ID,PROWADZACY_ID,SALA_ID,SEMESTR) values ('1','1','1','1','2025Z');
Insert into IE130244.ZAJECIA (ZAJECIA_ID,PRZEDMIOT_ID,PROWADZACY_ID,SALA_ID,SEMESTR) values ('2','2','2','2','2025Z');
Insert into IE130244.ZAJECIA (ZAJECIA_ID,PRZEDMIOT_ID,PROWADZACY_ID,SALA_ID,SEMESTR) values ('3','3','3','3','2025L');
Insert into IE130244.ZAJECIA (ZAJECIA_ID,PRZEDMIOT_ID,PROWADZACY_ID,SALA_ID,SEMESTR) values ('4','4','4','4','2025L');
Insert into IE130244.ZAJECIA (ZAJECIA_ID,PRZEDMIOT_ID,PROWADZACY_ID,SALA_ID,SEMESTR) values ('5','5','5','5','2025Z');
--------------------------------------------------------
--  DDL for Procedure REGENERATETABLES
--------------------------------------------------------
set define off;

  CREATE OR REPLACE EDITIONABLE PROCEDURE "IE130244"."REGENERATETABLES" IS

BEGIN

DELETE FROM EMPLOYEES;
DELETE FROM POSITIONS;
DELETE FROM JOB_GRADES;
DELETE FROM DEPARTMENTS;

INSERT INTO IE130244.DEPARTMENTS ( DEP_ID, NAME, LOCATION ) VALUES (
10, 'Zarząd', 'Pokój 306');
INSERT INTO IE130244.DEPARTMENTS ( DEP_ID, NAME, LOCATION ) VALUES (
20, 'Marketing', 'Pokój 201');
INSERT INTO IE130244.DEPARTMENTS ( DEP_ID, NAME, LOCATION ) VALUES (
30, 'Sprzedaż', 'Pokój 205');
INSERT INTO IE130244.DEPARTMENTS ( DEP_ID, NAME, LOCATION ) VALUES (
40, 'Księgowość', 'Pokój 113');
INSERT INTO IE130244.DEPARTMENTS ( DEP_ID, NAME, LOCATION ) VALUES (
50, 'Administracja', 'Pokój 100');
INSERT INTO IE130244.DEPARTMENTS ( DEP_ID, NAME, LOCATION ) VALUES (
60, 'IT', 'Pokój 120');

INSERT INTO IE130244.POSITIONS ( POS_ID, NAME ) VALUES ( 1, 'Prezes');
INSERT INTO IE130244.POSITIONS ( POS_ID, NAME ) VALUES ( 2, 'Kierownik');
INSERT INTO IE130244.POSITIONS ( POS_ID, NAME ) VALUES ( 3, 'Starszy specjalista');
INSERT INTO IE130244.POSITIONS ( POS_ID, NAME ) VALUES ( 4, 'Specjalista');
INSERT INTO IE130244.POSITIONS ( POS_ID, NAME ) VALUES ( 5, 'Stażysta');

INSERT INTO IE130244.JOB_GRADES ( JG_ID, NAME, MIN_SALARY, MAX_SALARY ) VALUES (
1, 'I', 18000, 22000);
INSERT INTO IE130244.JOB_GRADES ( JG_ID, NAME, MIN_SALARY, MAX_SALARY ) VALUES (
2, 'II', 14500, 17999);
INSERT INTO IE130244.JOB_GRADES ( JG_ID, NAME, MIN_SALARY, MAX_SALARY ) VALUES (
3, 'III', 11500, 14499);
INSERT INTO IE130244.JOB_GRADES ( JG_ID, NAME, MIN_SALARY, MAX_SALARY ) VALUES (
4, 'IV', 9000, 11499);
INSERT INTO IE130244.JOB_GRADES ( JG_ID, NAME, MIN_SALARY, MAX_SALARY ) VALUES (
5, 'V', 7000, 8999);
INSERT INTO IE130244.JOB_GRADES ( JG_ID, NAME, MIN_SALARY, MAX_SALARY ) VALUES (
6, 'VI', 5000, 6999);
INSERT INTO IE130244.JOB_GRADES ( JG_ID, NAME, MIN_SALARY, MAX_SALARY ) VALUES (
7, 'VII', 3500, 4999);
INSERT INTO IE130244.JOB_GRADES ( JG_ID, NAME, MIN_SALARY, MAX_SALARY ) VALUES (
8, 'VIII', 2000, 3499);
INSERT INTO IE130244.JOB_GRADES ( JG_ID, NAME, MIN_SALARY, MAX_SALARY ) VALUES (
9, 'IX', 1000, 1999);

INSERT INTO IE130244.EMPLOYEES ( EMP_ID, FIRST_NAME, LAST_NAME, POS_ID, JG_ID, MANAGER_ID,
HIRE_DATE, SALARY, DEP_ID, ALLOWANCE ) VALUES (
100, 'John', 'Smith', 1, 2, NULL, TO_DATE( '01/01/1999 12:00:00', 'MM/DD/YYYY HH:MI:SS')
, 15500, 10, 1700);
INSERT INTO IE130244.EMPLOYEES ( EMP_ID, FIRST_NAME, LAST_NAME, POS_ID, JG_ID, MANAGER_ID,
HIRE_DATE, SALARY, DEP_ID, ALLOWANCE ) VALUES (
101, 'Jessica', 'Torn', 2, 5, 100, TO_DATE( '05/15/1997 12:00:00', 'MM/DD/YYYY HH:MI:SS')
, 8800, 10, NULL);
INSERT INTO IE130244.EMPLOYEES ( EMP_ID, FIRST_NAME, LAST_NAME, POS_ID, JG_ID, MANAGER_ID,
HIRE_DATE, SALARY, DEP_ID, ALLOWANCE ) VALUES (
102, 'Nick', 'Ford', 2, 4, 100, TO_DATE( '09/01/2003 12:00:00', 'MM/DD/YYYY HH:MI:SS')
, 9800, 10, NULL);
INSERT INTO IE130244.EMPLOYEES ( EMP_ID, FIRST_NAME, LAST_NAME, POS_ID, JG_ID, MANAGER_ID,
HIRE_DATE, SALARY, DEP_ID, ALLOWANCE ) VALUES (
103, 'Diana', 'Wilson', 2, 5, 100, TO_DATE( '06/01/2001 12:00:00', 'MM/DD/YYYY HH:MI:SS')
, 7900, 10, 600);
INSERT INTO IE130244.EMPLOYEES ( EMP_ID, FIRST_NAME, LAST_NAME, POS_ID, JG_ID, MANAGER_ID,
HIRE_DATE, SALARY, DEP_ID, ALLOWANCE ) VALUES (
104, 'Jennifer', 'Kent', 3, 6, 101, TO_DATE( '04/15/2003 12:00:00', 'MM/DD/YYYY HH:MI:SS')
, 5800, 20, NULL);
INSERT INTO IE130244.EMPLOYEES ( EMP_ID, FIRST_NAME, LAST_NAME, POS_ID, JG_ID, MANAGER_ID,
HIRE_DATE, SALARY, DEP_ID, ALLOWANCE ) VALUES (
105, 'David', 'Brown', 4, 8, 104, TO_DATE( '10/01/2002 12:00:00', 'MM/DD/YYYY HH:MI:SS')
, 3100, 20, 400);
INSERT INTO IE130244.EMPLOYEES ( EMP_ID, FIRST_NAME, LAST_NAME, POS_ID, JG_ID, MANAGER_ID,
HIRE_DATE, SALARY, DEP_ID, ALLOWANCE ) VALUES (
106, 'Nicole', 'Foster', 5, 9, 104, TO_DATE( '09/01/2000 12:00:00', 'MM/DD/YYYY HH:MI:SS')
, 1800, NULL, NULL);
INSERT INTO IE130244.EMPLOYEES ( EMP_ID, FIRST_NAME, LAST_NAME, POS_ID, JG_ID, MANAGER_ID,
HIRE_DATE, SALARY, DEP_ID, ALLOWANCE ) VALUES (
107, 'Steven', 'Anderson', 3, 6, 101, TO_DATE( '02/15/1998 12:00:00', 'MM/DD/YYYY HH:MI:SS')
, 5900, 30, NULL);
INSERT INTO IE130244.EMPLOYEES ( EMP_ID, FIRST_NAME, LAST_NAME, POS_ID, JG_ID, MANAGER_ID,
HIRE_DATE, SALARY, DEP_ID, ALLOWANCE ) VALUES (
108, 'Lisa', 'Davis', 4, 7, 107, TO_DATE( '05/15/1997 12:00:00', 'MM/DD/YYYY HH:MI:SS')
, 4200, 30, NULL);
INSERT INTO IE130244.EMPLOYEES ( EMP_ID, FIRST_NAME, LAST_NAME, POS_ID, JG_ID, MANAGER_ID,
HIRE_DATE, SALARY, DEP_ID, ALLOWANCE ) VALUES (
109, 'Anne', 'Taylor', 4, 8, 107, TO_DATE( '07/01/2001 12:00:00', 'MM/DD/YYYY HH:MI:SS')
, 3100, 30, 500);
INSERT INTO IE130244.EMPLOYEES ( EMP_ID, FIRST_NAME, LAST_NAME, POS_ID, JG_ID, MANAGER_ID,
HIRE_DATE, SALARY, DEP_ID, ALLOWANCE ) VALUES (
110, 'Patricia', 'Blake', 5, 9, 107, TO_DATE( '11/15/1998 12:00:00', 'MM/DD/YYYY HH:MI:SS')
, 1400, 30, NULL);
INSERT INTO IE130244.EMPLOYEES ( EMP_ID, FIRST_NAME, LAST_NAME, POS_ID, JG_ID, MANAGER_ID,
HIRE_DATE, SALARY, DEP_ID, ALLOWANCE ) VALUES (
111, 'John', 'Parker', 3, 5, 102, TO_DATE( '04/01/2001 12:00:00', 'MM/DD/YYYY HH:MI:SS')
, 8000, 40, NULL);
INSERT INTO IE130244.EMPLOYEES ( EMP_ID, FIRST_NAME, LAST_NAME, POS_ID, JG_ID, MANAGER_ID,
HIRE_DATE, SALARY, DEP_ID, ALLOWANCE ) VALUES (
112, 'Nicole', 'Spencer', 4, 7, 111, TO_DATE( '01/01/1997 12:00:00', 'MM/DD/YYYY HH:MI:SS')
, 3700, 40, NULL);
INSERT INTO IE130244.EMPLOYEES ( EMP_ID, FIRST_NAME, LAST_NAME, POS_ID, JG_ID, MANAGER_ID,
HIRE_DATE, SALARY, DEP_ID, ALLOWANCE ) VALUES (
113, 'Tom', 'Nichols', 4, 8, 111, TO_DATE( '01/15/2000 12:00:00', 'MM/DD/YYYY HH:MI:SS')
, 3200, 40, 300);
INSERT INTO IE130244.EMPLOYEES ( EMP_ID, FIRST_NAME, LAST_NAME, POS_ID, JG_ID, MANAGER_ID,
HIRE_DATE, SALARY, DEP_ID, ALLOWANCE ) VALUES (
114, 'Robert', 'Brown', 3, 6, 102, TO_DATE( '02/15/2001 12:00:00', 'MM/DD/YYYY HH:MI:SS')
, 6400, 50, 600);
INSERT INTO IE130244.EMPLOYEES ( EMP_ID, FIRST_NAME, LAST_NAME, POS_ID, JG_ID, MANAGER_ID,
HIRE_DATE, SALARY, DEP_ID, ALLOWANCE ) VALUES (
115, 'Barbara', 'Jackson', 5, 9, 114, TO_DATE( '05/01/1999 12:00:00', 'MM/DD/YYYY HH:MI:SS')
, 1200, NULL, NULL);
INSERT INTO IE130244.EMPLOYEES ( EMP_ID, FIRST_NAME, LAST_NAME, POS_ID, JG_ID, MANAGER_ID,
HIRE_DATE, SALARY, DEP_ID, ALLOWANCE ) VALUES (
116, 'Tony', 'Watson', 4, 7, 114, TO_DATE( '05/01/1999 12:00:00', 'MM/DD/YYYY HH:MI:SS')
, 4300, 50, NULL);

COMMIT;

END RegenerateTables;

/
--------------------------------------------------------
--  Constraints for Table PRACOWNIK
--------------------------------------------------------

  ALTER TABLE "IE130244"."PRACOWNIK" MODIFY ("IMIE" NOT NULL ENABLE);
  ALTER TABLE "IE130244"."PRACOWNIK" MODIFY ("NAZWISKO" NOT NULL ENABLE);
  ALTER TABLE "IE130244"."PRACOWNIK" MODIFY ("WYDZIAL_ID" NOT NULL ENABLE);
  ALTER TABLE "IE130244"."PRACOWNIK" ADD PRIMARY KEY ("PRACOWNIK_ID")
  USING INDEX PCTFREE 10 INITRANS 2 MAXTRANS 255 COMPUTE STATISTICS 
  STORAGE(INITIAL 65536 NEXT 1048576 MINEXTENTS 1 MAXEXTENTS 2147483645
  PCTINCREASE 0 FREELISTS 1 FREELIST GROUPS 1
  BUFFER_POOL DEFAULT FLASH_CACHE DEFAULT CELL_FLASH_CACHE DEFAULT)
  TABLESPACE "USERS"  ENABLE;
--------------------------------------------------------
--  Constraints for Table ZAJECIA
--------------------------------------------------------

  ALTER TABLE "IE130244"."ZAJECIA" MODIFY ("PRZEDMIOT_ID" NOT NULL ENABLE);
  ALTER TABLE "IE130244"."ZAJECIA" MODIFY ("PROWADZACY_ID" NOT NULL ENABLE);
  ALTER TABLE "IE130244"."ZAJECIA" MODIFY ("SALA_ID" NOT NULL ENABLE);
  ALTER TABLE "IE130244"."ZAJECIA" ADD PRIMARY KEY ("ZAJECIA_ID")
  USING INDEX PCTFREE 10 INITRANS 2 MAXTRANS 255 COMPUTE STATISTICS 
  STORAGE(INITIAL 65536 NEXT 1048576 MINEXTENTS 1 MAXEXTENTS 2147483645
  PCTINCREASE 0 FREELISTS 1 FREELIST GROUPS 1
  BUFFER_POOL DEFAULT FLASH_CACHE DEFAULT CELL_FLASH_CACHE DEFAULT)
  TABLESPACE "USERS"  ENABLE;
--------------------------------------------------------
--  Constraints for Table GRUPA
--------------------------------------------------------

  ALTER TABLE "IE130244"."GRUPA" MODIFY ("NAZWA" NOT NULL ENABLE);
  ALTER TABLE "IE130244"."GRUPA" MODIFY ("KIERUNEK_ID" NOT NULL ENABLE);
  ALTER TABLE "IE130244"."GRUPA" ADD PRIMARY KEY ("GRUPA_ID")
  USING INDEX PCTFREE 10 INITRANS 2 MAXTRANS 255 COMPUTE STATISTICS 
  STORAGE(INITIAL 65536 NEXT 1048576 MINEXTENTS 1 MAXEXTENTS 2147483645
  PCTINCREASE 0 FREELISTS 1 FREELIST GROUPS 1
  BUFFER_POOL DEFAULT FLASH_CACHE DEFAULT CELL_FLASH_CACHE DEFAULT)
  TABLESPACE "USERS"  ENABLE;
--------------------------------------------------------
--  Constraints for Table KIERUNEK
--------------------------------------------------------

  ALTER TABLE "IE130244"."KIERUNEK" MODIFY ("NAZWA" NOT NULL ENABLE);
  ALTER TABLE "IE130244"."KIERUNEK" MODIFY ("WYDZIAL_ID" NOT NULL ENABLE);
  ALTER TABLE "IE130244"."KIERUNEK" ADD PRIMARY KEY ("KIERUNEK_ID")
  USING INDEX PCTFREE 10 INITRANS 2 MAXTRANS 255 COMPUTE STATISTICS 
  STORAGE(INITIAL 65536 NEXT 1048576 MINEXTENTS 1 MAXEXTENTS 2147483645
  PCTINCREASE 0 FREELISTS 1 FREELIST GROUPS 1
  BUFFER_POOL DEFAULT FLASH_CACHE DEFAULT CELL_FLASH_CACHE DEFAULT)
  TABLESPACE "USERS"  ENABLE;
--------------------------------------------------------
--  Constraints for Table WYDZIAL
--------------------------------------------------------

  ALTER TABLE "IE130244"."WYDZIAL" MODIFY ("NAZWA" NOT NULL ENABLE);
  ALTER TABLE "IE130244"."WYDZIAL" ADD PRIMARY KEY ("WYDZIAL_ID")
  USING INDEX PCTFREE 10 INITRANS 2 MAXTRANS 255 COMPUTE STATISTICS 
  STORAGE(INITIAL 65536 NEXT 1048576 MINEXTENTS 1 MAXEXTENTS 2147483645
  PCTINCREASE 0 FREELISTS 1 FREELIST GROUPS 1
  BUFFER_POOL DEFAULT FLASH_CACHE DEFAULT CELL_FLASH_CACHE DEFAULT)
  TABLESPACE "USERS"  ENABLE;
--------------------------------------------------------
--  Constraints for Table PRZEDMIOT
--------------------------------------------------------

  ALTER TABLE "IE130244"."PRZEDMIOT" MODIFY ("NAZWA" NOT NULL ENABLE);
  ALTER TABLE "IE130244"."PRZEDMIOT" MODIFY ("KIERUNEK_ID" NOT NULL ENABLE);
  ALTER TABLE "IE130244"."PRZEDMIOT" ADD PRIMARY KEY ("PRZEDMIOT_ID")
  USING INDEX PCTFREE 10 INITRANS 2 MAXTRANS 255 COMPUTE STATISTICS 
  STORAGE(INITIAL 65536 NEXT 1048576 MINEXTENTS 1 MAXEXTENTS 2147483645
  PCTINCREASE 0 FREELISTS 1 FREELIST GROUPS 1
  BUFFER_POOL DEFAULT FLASH_CACHE DEFAULT CELL_FLASH_CACHE DEFAULT)
  TABLESPACE "USERS"  ENABLE;
--------------------------------------------------------
--  Constraints for Table STUDENT_ZAJECIA
--------------------------------------------------------

  ALTER TABLE "IE130244"."STUDENT_ZAJECIA" ADD PRIMARY KEY ("STUDENT_ID", "ZAJECIA_ID")
  USING INDEX PCTFREE 10 INITRANS 2 MAXTRANS 255 COMPUTE STATISTICS 
  STORAGE(INITIAL 65536 NEXT 1048576 MINEXTENTS 1 MAXEXTENTS 2147483645
  PCTINCREASE 0 FREELISTS 1 FREELIST GROUPS 1
  BUFFER_POOL DEFAULT FLASH_CACHE DEFAULT CELL_FLASH_CACHE DEFAULT)
  TABLESPACE "USERS"  ENABLE;
--------------------------------------------------------
--  Constraints for Table OCENA
--------------------------------------------------------

  ALTER TABLE "IE130244"."OCENA" ADD PRIMARY KEY ("OCENA_ID")
  USING INDEX PCTFREE 10 INITRANS 2 MAXTRANS 255 COMPUTE STATISTICS 
  STORAGE(INITIAL 65536 NEXT 1048576 MINEXTENTS 1 MAXEXTENTS 2147483645
  PCTINCREASE 0 FREELISTS 1 FREELIST GROUPS 1
  BUFFER_POOL DEFAULT FLASH_CACHE DEFAULT CELL_FLASH_CACHE DEFAULT)
  TABLESPACE "USERS"  ENABLE;
--------------------------------------------------------
--  Constraints for Table SALA
--------------------------------------------------------

  ALTER TABLE "IE130244"."SALA" MODIFY ("NUMER" NOT NULL ENABLE);
  ALTER TABLE "IE130244"."SALA" ADD PRIMARY KEY ("SALA_ID")
  USING INDEX PCTFREE 10 INITRANS 2 MAXTRANS 255 COMPUTE STATISTICS 
  STORAGE(INITIAL 65536 NEXT 1048576 MINEXTENTS 1 MAXEXTENTS 2147483645
  PCTINCREASE 0 FREELISTS 1 FREELIST GROUPS 1
  BUFFER_POOL DEFAULT FLASH_CACHE DEFAULT CELL_FLASH_CACHE DEFAULT)
  TABLESPACE "USERS"  ENABLE;
--------------------------------------------------------
--  Constraints for Table STUDENT
--------------------------------------------------------

  ALTER TABLE "IE130244"."STUDENT" MODIFY ("IMIE" NOT NULL ENABLE);
  ALTER TABLE "IE130244"."STUDENT" MODIFY ("NAZWISKO" NOT NULL ENABLE);
  ALTER TABLE "IE130244"."STUDENT" MODIFY ("GRUPA_ID" NOT NULL ENABLE);
  ALTER TABLE "IE130244"."STUDENT" ADD PRIMARY KEY ("STUDENT_ID")
  USING INDEX PCTFREE 10 INITRANS 2 MAXTRANS 255 COMPUTE STATISTICS 
  STORAGE(INITIAL 65536 NEXT 1048576 MINEXTENTS 1 MAXEXTENTS 2147483645
  PCTINCREASE 0 FREELISTS 1 FREELIST GROUPS 1
  BUFFER_POOL DEFAULT FLASH_CACHE DEFAULT CELL_FLASH_CACHE DEFAULT)
  TABLESPACE "USERS"  ENABLE;
--------------------------------------------------------
--  Ref Constraints for Table GRUPA
--------------------------------------------------------

  ALTER TABLE "IE130244"."GRUPA" ADD FOREIGN KEY ("KIERUNEK_ID")
	  REFERENCES "IE130244"."KIERUNEK" ("KIERUNEK_ID") ENABLE;
--------------------------------------------------------
--  Ref Constraints for Table KIERUNEK
--------------------------------------------------------

  ALTER TABLE "IE130244"."KIERUNEK" ADD FOREIGN KEY ("WYDZIAL_ID")
	  REFERENCES "IE130244"."WYDZIAL" ("WYDZIAL_ID") ENABLE;
--------------------------------------------------------
--  Ref Constraints for Table OCENA
--------------------------------------------------------

  ALTER TABLE "IE130244"."OCENA" ADD FOREIGN KEY ("STUDENT_ID", "ZAJECIA_ID")
	  REFERENCES "IE130244"."STUDENT_ZAJECIA" ("STUDENT_ID", "ZAJECIA_ID") ENABLE;
--------------------------------------------------------
--  Ref Constraints for Table PRACOWNIK
--------------------------------------------------------

  ALTER TABLE "IE130244"."PRACOWNIK" ADD FOREIGN KEY ("WYDZIAL_ID")
	  REFERENCES "IE130244"."WYDZIAL" ("WYDZIAL_ID") ENABLE;
--------------------------------------------------------
--  Ref Constraints for Table PRZEDMIOT
--------------------------------------------------------

  ALTER TABLE "IE130244"."PRZEDMIOT" ADD FOREIGN KEY ("KIERUNEK_ID")
	  REFERENCES "IE130244"."KIERUNEK" ("KIERUNEK_ID") ENABLE;
--------------------------------------------------------
--  Ref Constraints for Table STUDENT_ZAJECIA
--------------------------------------------------------

  ALTER TABLE "IE130244"."STUDENT_ZAJECIA" ADD FOREIGN KEY ("STUDENT_ID")
	  REFERENCES "IE130244"."STUDENT" ("STUDENT_ID") ENABLE;
  ALTER TABLE "IE130244"."STUDENT_ZAJECIA" ADD FOREIGN KEY ("ZAJECIA_ID")
	  REFERENCES "IE130244"."ZAJECIA" ("ZAJECIA_ID") ENABLE;
--------------------------------------------------------
--  Ref Constraints for Table ZAJECIA
--------------------------------------------------------

  ALTER TABLE "IE130244"."ZAJECIA" ADD FOREIGN KEY ("PRZEDMIOT_ID")
	  REFERENCES "IE130244"."PRZEDMIOT" ("PRZEDMIOT_ID") ENABLE;
  ALTER TABLE "IE130244"."ZAJECIA" ADD FOREIGN KEY ("PROWADZACY_ID")
	  REFERENCES "IE130244"."PRACOWNIK" ("PRACOWNIK_ID") ENABLE;
  ALTER TABLE "IE130244"."ZAJECIA" ADD FOREIGN KEY ("SALA_ID")
	  REFERENCES "IE130244"."SALA" ("SALA_ID") ENABLE;
